y,avg_ux,analytic_ux
0,2e-06,0
1,5.9e-05,5.7e-05
2,0.00011,0.000108
3,0.000155,0.000153
4,0.000194,0.000192
5,0.000227,0.000225
6,0.000254,0.000252
7,0.000275,0.000273
8,0.00029,0.000288
9,0.000299,0.000297
10,0.000302,0.0003
11,0.000299,0.000297
12,0.00029,0.000288
13,0.000275,0.000273
14,0.000254,0.000252
15,0.000227,0.000225
16,0.000194,0.000192
17,0.000155,0.000153
18,0.00011,0.000108
19,5.9e-05,5.7e-05
20,2e-06,0
