y,avg_ux,analytic_ux
0,6.66667e-07,0
1,1e-06,5.7e-05
2,1e-06,0.000108
3,1e-06,0.000153
4,1e-06,0.000192
5,1e-06,0.000225
6,1e-06,0.000252
7,1e-06,0.000273
8,1e-06,0.000288
9,1e-06,0.000297
10,1e-06,0.0003
11,1e-06,0.000297
12,1e-06,0.000288
13,1e-06,0.000273
14,1e-06,0.000252
15,1e-06,0.000225
16,1e-06,0.000192
17,1e-06,0.000153
18,1e-06,0.000108
19,1e-06,5.7e-05
20,6.66667e-07,0
