y,avg_ux,analytic_ux
0,2e-06,0
1,5.82038e-05,5.7e-05
2,0.000108427,0.000108
3,0.000152689,0.000153
4,0.000191009,0.000192
5,0.000223401,0.000225
6,0.000249883,0.000252
7,0.000270465,0.000273
8,0.00028516,0.000288
9,0.000293973,0.000297
10,0.000296911,0.0003
11,0.000293973,0.000297
12,0.00028516,0.000288
13,0.000270465,0.000273
14,0.000249883,0.000252
15,0.000223401,0.000225
16,0.000191009,0.000192
17,0.000152689,0.000153
18,0.000108427,0.000108
19,5.82038e-05,5.7e-05
20,2e-06,0
